{
  "0": {
    "centre_lat": 41.70302360383363,
    "centre_lon": -87.53576108457322,
    "intensity": 0.8977384627310316,
    "size": 553,
    "peak_hour": 17,
    "avg_severity": 5.314647377938517
  },
  "1": {
    "centre_lat": 41.65595359562474,
    "centre_lon": -87.60495441887636,
    "intensity": 0.9006317057484063,
    "size": 461,
    "peak_hour": 2,
    "avg_severity": 5.750542299349241
  },
  "2": {
    "centre_lat": 41.74718099987263,
    "centre_lon": -87.69918029217344,
    "intensity": 0.9992023518755906,
    "size": 369,
    "peak_hour": 19,
    "avg_severity": 5.490514905149052
  },
  "3": {
    "centre_lat": 41.80061641536217,
    "centre_lon": -87.7327985512434,
    "intensity": 0.9900164691778306,
    "size": 682,
    "peak_hour": 14,
    "avg_severity": 4.964809384164223
  },
  "4": {
    "centre_lat": 41.96376465070307,
    "centre_lon": -87.71662357878414,
    "intensity": 0.8346459128858639,
    "size": 1172,
    "peak_hour": 16,
    "avg_severity": 5.1936860068259385
  },
  "5": {
    "centre_lat": 41.973145768988196,
    "centre_lon": -87.6921426831357,
    "intensity": 0.9977609497509906,
    "size": 339,
    "peak_hour": 12,
    "avg_severity": 5.008849557522124
  },
  "6": {
    "centre_lat": 41.80651522467411,
    "centre_lon": -87.6956498367175,
    "intensity": 0.9964141571175453,
    "size": 761,
    "peak_hour": 19,
    "avg_severity": 5.287779237844941
  },
  "7": {
    "centre_lat": 41.996872986809144,
    "centre_lon": -87.69026879053875,
    "intensity": 0.9834396878303574,
    "size": 503,
    "peak_hour": 18,
    "avg_severity": 5.389662027833002
  },
  "8": {
    "centre_lat": 41.77807115319967,
    "centre_lon": -87.69845463631208,
    "intensity": 0.9296820904355293,
    "size": 596,
    "peak_hour": 0,
    "avg_severity": 5.785234899328859
  },
  "9": {
    "centre_lat": 41.77589319229762,
    "centre_lon": -87.6864355738631,
    "intensity": 0.9969874550097254,
    "size": 504,
    "peak_hour": 19,
    "avg_severity": 6.095238095238095
  },
  "10": {
    "centre_lat": 41.93376271445477,
    "centre_lon": -87.64306778170905,
    "intensity": 0.9770603363533429,
    "size": 409,
    "peak_hour": 0,
    "avg_severity": 4.422982885085575
  },
  "11": {
    "centre_lat": 42.00485165804503,
    "centre_lon": -87.6639586558743,
    "intensity": 0.9823240018677755,
    "size": 533,
    "peak_hour": 11,
    "avg_severity": 5.082551594746716
  },
  "12": {
    "centre_lat": 42.018628097137174,
    "centre_lon": -87.6752975629801,
    "intensity": 0.9614144279689372,
    "size": 452,
    "peak_hour": 12,
    "avg_severity": 5.219026548672566
  },
  "13": {
    "centre_lat": 41.73106401051302,
    "centre_lon": -87.58295375824218,
    "intensity": 0.9861777801710535,
    "size": 384,
    "peak_hour": 16,
    "avg_severity": 5.325520833333333
  },
  "14": {
    "centre_lat": 41.71086799405592,
    "centre_lon": -87.5651239301875,
    "intensity": 0.9999160711238511,
    "size": 304,
    "peak_hour": 15,
    "avg_severity": 5.407894736842105
  },
  "15": {
    "centre_lat": 41.94014512814671,
    "centre_lon": -87.65082336791319,
    "intensity": 0.998032184288632,
    "size": 334,
    "peak_hour": 0,
    "avg_severity": 4.6437125748503
  },
  "16": {
    "centre_lat": 41.951682051913686,
    "centre_lon": -87.64917262651191,
    "intensity": 0.9962948825038206,
    "size": 336,
    "peak_hour": 19,
    "avg_severity": 5.229166666666667
  },
  "17": {
    "centre_lat": 41.96589281982652,
    "centre_lon": -87.65511314634352,
    "intensity": 0.9477642222853307,
    "size": 588,
    "peak_hour": 16,
    "avg_severity": 5.078231292517007
  },
  "18": {
    "centre_lat": 41.98088890969681,
    "centre_lon": -87.65703932774292,
    "intensity": 0.972284447560545,
    "size": 564,
    "peak_hour": 0,
    "avg_severity": 5.294326241134752
  },
  "19": {
    "centre_lat": 41.945988944719126,
    "centre_lon": -87.74782309122908,
    "intensity": 0.9717838774572981,
    "size": 502,
    "peak_hour": 16,
    "avg_severity": 4.850597609561753
  },
  "20": {
    "centre_lat": 41.92753718855044,
    "centre_lon": -87.76764666561843,
    "intensity": 0.9585757303438727,
    "size": 912,
    "peak_hour": 19,
    "avg_severity": 5.339912280701754
  },
  "21": {
    "centre_lat": 41.79987091238156,
    "centre_lon": -87.58794085956914,
    "intensity": 0.8678854604756574,
    "size": 629,
    "peak_hour": 15,
    "avg_severity": 4.513513513513513
  },
  "22": {
    "centre_lat": 41.92872806844613,
    "centre_lon": -87.70831881946283,
    "intensity": 0.9492944175159219,
    "size": 659,
    "peak_hour": 22,
    "avg_severity": 4.857359635811836
  },
  "23": {
    "centre_lat": 41.86241741808566,
    "centre_lon": -87.65949271941005,
    "intensity": 0.8917433675208711,
    "size": 934,
    "peak_hour": 20,
    "avg_severity": 5.296573875802998
  },
  "24": {
    "centre_lat": 41.69632237825963,
    "centre_lon": -87.62042870212228,
    "intensity": 0.9292196397185072,
    "size": 1194,
    "peak_hour": 0,
    "avg_severity": 5.725293132328308
  },
  "25": {
    "centre_lat": 41.67545349276239,
    "centre_lon": -87.62890393979455,
    "intensity": 0.9940563545937817,
    "size": 404,
    "peak_hour": 13,
    "avg_severity": 5.628712871287129
  },
  "26": {
    "centre_lat": 41.7264467490127,
    "centre_lon": -87.6591072363492,
    "intensity": 0.9998974440380384,
    "size": 315,
    "peak_hour": 11,
    "avg_severity": 5.273015873015873
  },
  "27": {
    "centre_lat": 41.906131103175746,
    "centre_lon": -87.67284159958912,
    "intensity": 0.9646772356815799,
    "size": 404,
    "peak_hour": 15,
    "avg_severity": 4.465346534653466
  },
  "28": {
    "centre_lat": 41.87777927477629,
    "centre_lon": -87.68220769408836,
    "intensity": 0.909982727348549,
    "size": 894,
    "peak_hour": 19,
    "avg_severity": 5.667785234899329
  },
  "29": {
    "centre_lat": 41.84307508127168,
    "centre_lon": -87.62262227628034,
    "intensity": 0.9872932667756573,
    "size": 346,
    "peak_hour": 0,
    "avg_severity": 5.1502890173410405
  },
  "30": {
    "centre_lat": 41.80905830159511,
    "centre_lon": -87.66807951542927,
    "intensity": 0.9671720321417551,
    "size": 410,
    "peak_hour": 0,
    "avg_severity": 5.902439024390244
  },
  "31": {
    "centre_lat": 41.734166119694805,
    "centre_lon": -87.5528445498052,
    "intensity": 0.9998114846945124,
    "size": 308,
    "peak_hour": 17,
    "avg_severity": 5.678571428571429
  },
  "32": {
    "centre_lat": 41.90728636729275,
    "centre_lon": -87.638963525614,
    "intensity": 0.9959014586020051,
    "size": 386,
    "peak_hour": 15,
    "avg_severity": 5.38860103626943
  },
  "33": {
    "centre_lat": 41.88315124101491,
    "centre_lon": -87.64642343961248,
    "intensity": 0.9349172726980697,
    "size": 738,
    "peak_hour": 20,
    "avg_severity": 4.565040650406504
  },
  "34": {
    "centre_lat": 41.90381048742593,
    "centre_lon": -87.69244148668211,
    "intensity": 0.9998427047472929,
    "size": 324,
    "peak_hour": 0,
    "avg_severity": 5.697530864197531
  },
  "35": {
    "centre_lat": 41.854484180866045,
    "centre_lon": -87.62672394935514,
    "intensity": 0.9993494941512971,
    "size": 321,
    "peak_hour": 20,
    "avg_severity": 5.149532710280374
  },
  "36": {
    "centre_lat": 41.745775987947404,
    "centre_lon": -87.60471244372748,
    "intensity": 0.8711021552241264,
    "size": 1255,
    "peak_hour": 0,
    "avg_severity": 5.648605577689243
  },
  "37": {
    "centre_lat": 41.83199806953527,
    "centre_lon": -87.61830682414315,
    "intensity": 0.9984426986973021,
    "size": 482,
    "peak_hour": 22,
    "avg_severity": 5.300829875518672
  },
  "38": {
    "centre_lat": 41.849091994282084,
    "centre_lon": -87.70221547123887,
    "intensity": 0.9172654244727838,
    "size": 787,
    "peak_hour": 19,
    "avg_severity": 5.5412960609911055
  },
  "39": {
    "centre_lat": 41.7882847188784,
    "centre_lon": -87.62140675641923,